{
  "views": [
    {
      "x": 320.80295202952027,
      "y": 135.27380073800737,
      "w": 197.24280442804434,
      "h": 350.6538745387454,
      "name": "Slide 1"
    },
    {
      "x": 675.2354243542435,
      "y": 422.44723247232474,
      "w": 219.91439114391142,
      "h": 390.958917589176,
      "name": "Slide 2"
    },
    {
      "x": 231.6280442804428,
      "y": 587.949815498155,
      "w": 233.5173431734317,
      "h": 415.14194341943437,
      "name": "Slide 3"
    },
    {
      "x": 732.4995693367786,
      "y": 113.77777777777777,
      "w": 149.93970714900956,
      "h": 266.55947937601684,
      "name": "Slide 4"
    }
  ]
}